"","Station","Date","Year","Month","Analyte","result","Study","Region","Stratum2","geometry","Advisory"
"1","BPP",2021-08-09,2021,NA,"Anatoxins",0,"DWR","Clifton Court",NA,c(-121.617728, 37.7999274),"No Advisory"
"2","BPP",2021-04-26,2021,NA,"Microcystins",0,"DWR","Clifton Court",NA,c(-121.617728, 37.7999274),"No Advisory"
"3","BPP",2021-05-10,2021,NA,"Microcystins",0,"DWR","Clifton Court",NA,c(-121.617728, 37.7999274),"No Advisory"
"4","BPP",2021-05-24,2021,NA,"Microcystins",0,"DWR","Clifton Court",NA,c(-121.617728, 37.7999274),"No Advisory"
"5","BPP",2021-06-07,2021,NA,"Microcystins",0,"DWR","Clifton Court",NA,c(-121.617728, 37.7999274),"No Advisory"
"6","BPP",2021-06-21,2021,NA,"Microcystins",0,"DWR","Clifton Court",NA,c(-121.617728, 37.7999274),"No Advisory"
"7","BPP",2021-07-12,2021,NA,"Microcystins",0,"DWR","Clifton Court",NA,c(-121.617728, 37.7999274),"No Advisory"
"8","BPP",2021-07-26,2021,NA,"Microcystins",0,"DWR","Clifton Court",NA,c(-121.617728, 37.7999274),"No Advisory"
"9","BPP",2021-08-09,2021,NA,"Microcystins",0,"DWR","Clifton Court",NA,c(-121.617728, 37.7999274),"No Advisory"
"10","BPP",2021-08-23,2021,NA,"Microcystins",0,"DWR","Clifton Court",NA,c(-121.617728, 37.7999274),"No Advisory"
"11","BPP",2021-09-13,2021,NA,"Microcystins",0,"DWR","Clifton Court",NA,c(-121.617728, 37.7999274),"No Advisory"
"12","BPP",2021-09-27,2021,NA,"Microcystins",0,"DWR","Clifton Court",NA,c(-121.617728, 37.7999274),"No Advisory"
"13","CCF",2021-04-26,2021,NA,"Microcystins",0,"DWR","Clifton Court",NA,c(-121.59183, 37.826923),"No Advisory"
"14","CCF",2021-06-21,2021,NA,"Microcystins",0,"DWR","Clifton Court",NA,c(-121.59183, 37.826923),"No Advisory"
"15","CCF",2021-07-12,2021,NA,"Microcystins",0,"DWR","Clifton Court",NA,c(-121.59183, 37.826923),"No Advisory"
"16","CCF",2021-07-26,2021,NA,"Microcystins",0,"DWR","Clifton Court",NA,c(-121.59183, 37.826923),"No Advisory"
"17","CCF",2021-08-09,2021,NA,"Microcystins",0,"DWR","Clifton Court",NA,c(-121.59183, 37.826923),"No Advisory"
"18","CCF",2021-08-23,2021,NA,"Microcystins",0,"DWR","Clifton Court",NA,c(-121.59183, 37.826923),"No Advisory"
"19","FRK",2021-07-02,NA,NA,"Microcystins",0,"CVRWQCB","South Delta","Franks",c(-121.5981, 38.046417),"No Advisory"
"20","FRK",2021-08-06,NA,NA,"Microcystins",0.63,"CVRWQCB","South Delta","Franks",c(-121.5981, 38.046417),"No Advisory"
"21","FRK",2021-08-06,NA,NA,"Anatoxins",0,"CVRWQCB","South Delta","Franks",c(-121.5981, 38.046417),"No Advisory"
"22","MI",2021-07-02,NA,NA,"Microcystins",0.6,"CVRWQCB","South Delta","South Delta",c(-121.51166, 37.99204),"No Advisory"
"23","DHAB001",2021-01-07,2021,"1","Microcystins",0,"Preece","Lower Sacramento","Lower Sac",c(-121.787628, 38.045378),"No Advisory"
"24","DHAB001",2021-01-07,2021,"1","Microcystins",0,"Preece","Lower Sacramento","Lower Sac",c(-121.787628, 38.045378),"No Advisory"
"25","DHAB001",2021-03-30,2021,"3","Microcystins",0,"Preece","Lower Sacramento","Lower Sac",c(-121.787628, 38.045378),"No Advisory"
"26","DHAB001",2021-04-21,2021,"4","Microcystins",0,"Preece","Lower Sacramento","Lower Sac",c(-121.787628, 38.045378),"No Advisory"
"27","DHAB001",2021-05-14,2021,"5","Microcystins",0,"Preece","Lower Sacramento","Lower Sac",c(-121.787628, 38.045378),"No Advisory"
"28","DHAB001",2021-06-03,2021,"6","Microcystins",0,"Preece","Lower Sacramento","Lower Sac",c(-121.787628, 38.045378),"No Advisory"
"29","DHAB001",2021-06-17,2021,"6","Microcystins",0,"Preece","Lower Sacramento","Lower Sac",c(-121.787628, 38.045378),"No Advisory"
"30","DHAB001",2021-08-11,2021,"8","Microcystins",0,"Preece","Lower Sacramento","Lower Sac",c(-121.787628, 38.045378),"No Advisory"
"31","DHAB001",2021-08-31,2021,"8","Microcystins",0,"Preece","Lower Sacramento","Lower Sac",c(-121.787628, 38.045378),"No Advisory"
"32","DHAB001",2021-09-04,2021,"9","Microcystins",0,"Preece","Lower Sacramento","Lower Sac",c(-121.787628, 38.045378),"No Advisory"
"33","DHAB001",2021-09-22,2021,"9","Microcystins",0,"Preece","Lower Sacramento","Lower Sac",c(-121.787628, 38.045378),"No Advisory"
"34","DHAB001",2021-10-20,2021,"10","Microcystins",0,"Preece","Lower Sacramento","Lower Sac",c(-121.787628, 38.045378),"No Advisory"
"35","DHAB001",2021-10-28,2021,"10","Microcystins",0,"Preece","Lower Sacramento","Lower Sac",c(-121.787628, 38.045378),"No Advisory"
"36","DHAB001",2021-11-12,2021,"11","Microcystins",0,"Preece","Lower Sacramento","Lower Sac",c(-121.787628, 38.045378),"No Advisory"
"37","DHAB001",2021-12-27,2021,"12","Microcystins",0,"Preece","Lower Sacramento","Lower Sac",c(-121.787628, 38.045378),"No Advisory"
"38","DHAB002",2021-01-07,2021,"1","Microcystins",0,"Preece","Lower Sacramento","Lower Sac",c(-121.716123, 38.105764),"No Advisory"
"39","DHAB002",2021-02-08,2021,"2","Microcystins",0,"Preece","Lower Sacramento","Lower Sac",c(-121.716123, 38.105764),"No Advisory"
"40","DHAB002",2021-02-10,2021,"2","Microcystins",0,"Preece","Lower Sacramento","Lower Sac",c(-121.716123, 38.105764),"No Advisory"
"41","DHAB002",2021-02-10,2021,"2","Microcystins",0,"Preece","Lower Sacramento","Lower Sac",c(-121.716123, 38.105764),"No Advisory"
"42","DHAB002",2021-03-31,2021,"3","Microcystins",0,"Preece","Lower Sacramento","Lower Sac",c(-121.716123, 38.105764),"No Advisory"
"43","DHAB002",2021-04-19,2021,"4","Microcystins",0,"Preece","Lower Sacramento","Lower Sac",c(-121.716123, 38.105764),"No Advisory"
"44","DHAB002",2021-05-17,2021,"5","Microcystins",0,"Preece","Lower Sacramento","Lower Sac",c(-121.716123, 38.105764),"No Advisory"
"45","DHAB002",2021-06-03,2021,"6","Microcystins",0,"Preece","Lower Sacramento","Lower Sac",c(-121.716123, 38.105764),"No Advisory"
"46","DHAB002",2021-08-11,2021,"8","Microcystins",0,"Preece","Lower Sacramento","Lower Sac",c(-121.716123, 38.105764),"No Advisory"
"47","DHAB002",2021-08-31,2021,"8","Microcystins",0,"Preece","Lower Sacramento","Lower Sac",c(-121.716123, 38.105764),"No Advisory"
"48","DHAB002",2021-09-04,2021,"9","Microcystins",0,"Preece","Lower Sacramento","Lower Sac",c(-121.716123, 38.105764),"No Advisory"
"49","DHAB002",2021-09-22,2021,"9","Microcystins",0,"Preece","Lower Sacramento","Lower Sac",c(-121.716123, 38.105764),"No Advisory"
"50","DHAB002",2021-10-20,2021,"10","Microcystins",0,"Preece","Lower Sacramento","Lower Sac",c(-121.716123, 38.105764),"No Advisory"
"51","DHAB002",2021-10-28,2021,"10","Microcystins",0,"Preece","Lower Sacramento","Lower Sac",c(-121.716123, 38.105764),"No Advisory"
"52","DHAB002",2021-11-12,2021,"11","Microcystins",0,"Preece","Lower Sacramento","Lower Sac",c(-121.716123, 38.105764),"No Advisory"
"53","DHAB002",2021-12-27,2021,"12","Microcystins",0,"Preece","Lower Sacramento","Lower Sac",c(-121.716123, 38.105764),"No Advisory"
"54","DHAB003",2021-01-07,2021,"1","Microcystins",0,"Preece","Lower San Joaquin","Lower SJ",c(-121.745763, 38.019889),"No Advisory"
"55","DHAB003",2021-02-08,2021,"2","Microcystins",0,"Preece","Lower San Joaquin","Lower SJ",c(-121.745763, 38.019889),"No Advisory"
"56","DHAB003",2021-03-30,2021,"3","Microcystins",0,"Preece","Lower San Joaquin","Lower SJ",c(-121.745763, 38.019889),"No Advisory"
"57","DHAB003",2021-03-30,2021,"3","Microcystins",0,"Preece","Lower San Joaquin","Lower SJ",c(-121.745763, 38.019889),"No Advisory"
"58","DHAB003",2021-04-21,2021,"4","Microcystins",0,"Preece","Lower San Joaquin","Lower SJ",c(-121.745763, 38.019889),"No Advisory"
"59","DHAB003",2021-05-14,2021,"5","Microcystins",0,"Preece","Lower San Joaquin","Lower SJ",c(-121.745763, 38.019889),"No Advisory"
"60","DHAB003",2021-06-04,2021,"6","Microcystins",0,"Preece","Lower San Joaquin","Lower SJ",c(-121.745763, 38.019889),"No Advisory"
"61","DHAB003",2021-06-17,2021,"6","Microcystins",0,"Preece","Lower San Joaquin","Lower SJ",c(-121.745763, 38.019889),"No Advisory"
"62","DHAB003",2021-08-11,2021,"8","Microcystins",0,"Preece","Lower San Joaquin","Lower SJ",c(-121.745763, 38.019889),"No Advisory"
"63","DHAB003",2021-08-31,2021,"8","Microcystins",0,"Preece","Lower San Joaquin","Lower SJ",c(-121.745763, 38.019889),"No Advisory"
"64","DHAB003",2021-09-04,2021,"9","Microcystins",0,"Preece","Lower San Joaquin","Lower SJ",c(-121.745763, 38.019889),"No Advisory"
"65","DHAB003",2021-10-20,2021,"10","Microcystins",0,"Preece","Lower San Joaquin","Lower SJ",c(-121.745763, 38.019889),"No Advisory"
"66","DHAB003",2021-10-28,2021,"10","Microcystins",0,"Preece","Lower San Joaquin","Lower SJ",c(-121.745763, 38.019889),"No Advisory"
"67","DHAB003",2021-11-12,2021,"11","Microcystins",0,"Preece","Lower San Joaquin","Lower SJ",c(-121.745763, 38.019889),"No Advisory"
"68","DHAB003",2021-12-27,2021,"12","Microcystins",0,"Preece","Lower San Joaquin","Lower SJ",c(-121.745763, 38.019889),"No Advisory"
"69","DHAB004",2021-01-08,2021,"1","Microcystins",0,"Preece","Upper Sacramento","Upper Sac",c(-121.610139, 38.163593),"No Advisory"
"70","DHAB004",2021-03-31,2021,"3","Microcystins",0,"Preece","Upper Sacramento","Upper Sac",c(-121.610139, 38.163593),"No Advisory"
"71","DHAB004",2021-04-19,2021,"4","Microcystins",0,"Preece","Upper Sacramento","Upper Sac",c(-121.610139, 38.163593),"No Advisory"
"72","DHAB004",2021-04-19,2021,"4","Microcystins",0,"Preece","Upper Sacramento","Upper Sac",c(-121.610139, 38.163593),"No Advisory"
"73","DHAB004",2021-05-17,2021,"5","Microcystins",0,"Preece","Upper Sacramento","Upper Sac",c(-121.610139, 38.163593),"No Advisory"
"74","DHAB004",2021-06-03,2021,"6","Microcystins",0,"Preece","Upper Sacramento","Upper Sac",c(-121.610139, 38.163593),"No Advisory"
"75","DHAB004",2021-06-18,2021,"6","Microcystins",0,"Preece","Upper Sacramento","Upper Sac",c(-121.610139, 38.163593),"No Advisory"
"76","DHAB004",2021-07-07,2021,"7","Microcystins",0,"Preece","Upper Sacramento","Upper Sac",c(-121.610139, 38.163593),"No Advisory"
"77","DHAB004",2021-08-11,2021,"8","Microcystins",0,"Preece","Upper Sacramento","Upper Sac",c(-121.610139, 38.163593),"No Advisory"
"78","DHAB004",2021-08-31,2021,"8","Microcystins",0,"Preece","Upper Sacramento","Upper Sac",c(-121.610139, 38.163593),"No Advisory"
"79","DHAB004",2021-09-05,2021,"9","Microcystins",0,"Preece","Upper Sacramento","Upper Sac",c(-121.610139, 38.163593),"No Advisory"
"80","DHAB004",2021-09-22,2021,"9","Microcystins",0,"Preece","Upper Sacramento","Upper Sac",c(-121.610139, 38.163593),"No Advisory"
"81","DHAB004",2021-09-22,2021,"9","Microcystins",0,"Preece","Upper Sacramento","Upper Sac",c(-121.610139, 38.163593),"No Advisory"
"82","DHAB004",2021-10-20,2021,"10","Microcystins",0,"Preece","Upper Sacramento","Upper Sac",c(-121.610139, 38.163593),"No Advisory"
"83","DHAB004",2021-10-28,2021,"10","Microcystins",0,"Preece","Upper Sacramento","Upper Sac",c(-121.610139, 38.163593),"No Advisory"
"84","DHAB004",2021-11-12,2021,"11","Microcystins",0,"Preece","Upper Sacramento","Upper Sac",c(-121.610139, 38.163593),"No Advisory"
"85","DHAB004",2021-12-27,2021,"12","Microcystins",0,"Preece","Upper Sacramento","Upper Sac",c(-121.610139, 38.163593),"No Advisory"
"86","DHAB005",2021-01-08,2021,"1","Microcystins",0,"Preece","SDWSC","Cache/Liberty",c(-121.657713, 38.194555),"No Advisory"
"87","DHAB005",2021-02-10,2021,"2","Microcystins",0,"Preece","SDWSC","Cache/Liberty",c(-121.657713, 38.194555),"No Advisory"
"88","DHAB005",2021-03-31,2021,"3","Microcystins",0,"Preece","SDWSC","Cache/Liberty",c(-121.657713, 38.194555),"No Advisory"
"89","DHAB005",2021-04-19,2021,"4","Microcystins",0,"Preece","SDWSC","Cache/Liberty",c(-121.657713, 38.194555),"No Advisory"
"90","DHAB005",2021-05-17,2021,"5","Microcystins",0,"Preece","SDWSC","Cache/Liberty",c(-121.657713, 38.194555),"No Advisory"
"91","DHAB005",2021-05-17,2021,"5","Microcystins",0,"Preece","SDWSC","Cache/Liberty",c(-121.657713, 38.194555),"No Advisory"
"92","DHAB005",2021-06-03,2021,"6","Microcystins",0,"Preece","SDWSC","Cache/Liberty",c(-121.657713, 38.194555),"No Advisory"
"93","DHAB005",2021-06-18,2021,"6","Microcystins",0,"Preece","SDWSC","Cache/Liberty",c(-121.657713, 38.194555),"No Advisory"
"94","DHAB005",2021-07-07,2021,"7","Microcystins",0,"Preece","SDWSC","Cache/Liberty",c(-121.657713, 38.194555),"No Advisory"
"95","DHAB005",2021-08-11,2021,"8","Microcystins",0,"Preece","SDWSC","Cache/Liberty",c(-121.657713, 38.194555),"No Advisory"
"96","DHAB005",2021-08-31,2021,"8","Microcystins",0,"Preece","SDWSC","Cache/Liberty",c(-121.657713, 38.194555),"No Advisory"
"97","DHAB005",2021-09-05,2021,"9","Microcystins",0,"Preece","SDWSC","Cache/Liberty",c(-121.657713, 38.194555),"No Advisory"
"98","DHAB005",2021-09-22,2021,"9","Microcystins",0,"Preece","SDWSC","Cache/Liberty",c(-121.657713, 38.194555),"No Advisory"
"99","DHAB005",2021-10-20,2021,"10","Microcystins",0,"Preece","SDWSC","Cache/Liberty",c(-121.657713, 38.194555),"No Advisory"
"100","DHAB005",2021-10-28,2021,"10","Microcystins",0,"Preece","SDWSC","Cache/Liberty",c(-121.657713, 38.194555),"No Advisory"
"101","DHAB005",2021-11-12,2021,"11","Microcystins",0,"Preece","SDWSC","Cache/Liberty",c(-121.657713, 38.194555),"No Advisory"
"102","DHAB005",2021-12-27,2021,"12","Microcystins",0,"Preece","SDWSC","Cache/Liberty",c(-121.657713, 38.194555),"No Advisory"
"103","DHAB006",2021-01-08,2021,"1","Microcystins",0,"Preece","Cache Slough/Liberty Island","Cache/Liberty",c(-121.689412, 38.243985),"No Advisory"
"104","DHAB006",2021-02-10,2021,"2","Microcystins",0,"Preece","Cache Slough/Liberty Island","Cache/Liberty",c(-121.689412, 38.243985),"No Advisory"
"105","DHAB006",2021-03-31,2021,"3","Microcystins",0,"Preece","Cache Slough/Liberty Island","Cache/Liberty",c(-121.689412, 38.243985),"No Advisory"
"106","DHAB006",2021-04-19,2021,"4","Microcystins",0,"Preece","Cache Slough/Liberty Island","Cache/Liberty",c(-121.689412, 38.243985),"No Advisory"
"107","DHAB006",2021-05-17,2021,"5","Microcystins",0,"Preece","Cache Slough/Liberty Island","Cache/Liberty",c(-121.689412, 38.243985),"No Advisory"
"108","DHAB006",2021-06-03,2021,"6","Microcystins",0,"Preece","Cache Slough/Liberty Island","Cache/Liberty",c(-121.689412, 38.243985),"No Advisory"
"109","DHAB006",2021-06-03,2021,"6","Microcystins",0,"Preece","Cache Slough/Liberty Island","Cache/Liberty",c(-121.689412, 38.243985),"No Advisory"
"110","DHAB006",2021-06-18,2021,"6","Microcystins",0,"Preece","Cache Slough/Liberty Island","Cache/Liberty",c(-121.689412, 38.243985),"No Advisory"
"111","DHAB006",2021-06-18,2021,"6","Microcystins",0,"Preece","Cache Slough/Liberty Island","Cache/Liberty",c(-121.689412, 38.243985),"No Advisory"
"112","DHAB006",2021-07-07,2021,"7","Microcystins",0,"Preece","Cache Slough/Liberty Island","Cache/Liberty",c(-121.689412, 38.243985),"No Advisory"
"113","DHAB006",2021-08-11,2021,"8","Microcystins",0,"Preece","Cache Slough/Liberty Island","Cache/Liberty",c(-121.689412, 38.243985),"No Advisory"
"114","DHAB006",2021-08-31,2021,"8","Microcystins",0,"Preece","Cache Slough/Liberty Island","Cache/Liberty",c(-121.689412, 38.243985),"No Advisory"
"115","DHAB006",2021-09-05,2021,"9","Microcystins",0,"Preece","Cache Slough/Liberty Island","Cache/Liberty",c(-121.689412, 38.243985),"No Advisory"
"116","DHAB006",2021-09-22,2021,"9","Microcystins",0,"Preece","Cache Slough/Liberty Island","Cache/Liberty",c(-121.689412, 38.243985),"No Advisory"
"117","DHAB006",2021-10-20,2021,"10","Microcystins",0,"Preece","Cache Slough/Liberty Island","Cache/Liberty",c(-121.689412, 38.243985),"No Advisory"
"118","DHAB006",2021-10-28,2021,"10","Microcystins",0,"Preece","Cache Slough/Liberty Island","Cache/Liberty",c(-121.689412, 38.243985),"No Advisory"
"119","DHAB006",2021-11-12,2021,"11","Microcystins",0,"Preece","Cache Slough/Liberty Island","Cache/Liberty",c(-121.689412, 38.243985),"No Advisory"
"120","DHAB006",2021-12-27,2021,"12","Microcystins",0,"Preece","Cache Slough/Liberty Island","Cache/Liberty",c(-121.689412, 38.243985),"No Advisory"
"121","DHAB007",2021-01-07,2021,"1","Microcystins",0,"Preece","South Delta","Franks",c(-121.623448, 38.048602),"No Advisory"
"122","DHAB007",2021-02-08,2021,"2","Microcystins",0,"Preece","South Delta","Franks",c(-121.623448, 38.048602),"No Advisory"
"123","DHAB007",2021-03-30,2021,"3","Microcystins",0,"Preece","South Delta","Franks",c(-121.623448, 38.048602),"No Advisory"
"124","DHAB007",2021-04-21,2021,"4","Microcystins",0,"Preece","South Delta","Franks",c(-121.623448, 38.048602),"No Advisory"
"125","DHAB007",2021-05-14,2021,"5","Microcystins",0,"Preece","South Delta","Franks",c(-121.623448, 38.048602),"No Advisory"
"126","DHAB007",2021-06-04,2021,"6","Microcystins",0,"Preece","South Delta","Franks",c(-121.623448, 38.048602),"No Advisory"
"127","DHAB007",2021-06-17,2021,"6","Microcystins",0,"Preece","South Delta","Franks",c(-121.623448, 38.048602),"No Advisory"
"128","DHAB007",2021-10-20,2021,"10","Microcystins",0,"Preece","South Delta","Franks",c(-121.623448, 38.048602),"No Advisory"
"129","DHAB007",2021-10-28,2021,"10","Microcystins",0,"Preece","South Delta","Franks",c(-121.623448, 38.048602),"No Advisory"
"130","DHAB007",2021-11-12,2021,"11","Microcystins",0,"Preece","South Delta","Franks",c(-121.623448, 38.048602),"No Advisory"
"131","DHAB007",2021-12-27,2021,"12","Microcystins",0,"Preece","South Delta","Franks",c(-121.623448, 38.048602),"No Advisory"
"132","DHAB008",2021-01-05,2021,"1","Microcystins",0,"Preece","South Delta","OMR",c(-121.5737319, 37.964146),"No Advisory"
"133","DHAB008",2021-02-10,2021,"2","Microcystins",0,"Preece","South Delta","OMR",c(-121.5737319, 37.964146),"No Advisory"
"134","DHAB008",2021-03-30,2021,"3","Microcystins",0,"Preece","South Delta","OMR",c(-121.5737319, 37.964146),"No Advisory"
"135","DHAB008",2021-04-22,2021,"4","Microcystins",0,"Preece","South Delta","OMR",c(-121.5737319, 37.964146),"No Advisory"
"136","DHAB008",2021-05-18,2021,"5","Microcystins",0,"Preece","South Delta","OMR",c(-121.5737319, 37.964146),"No Advisory"
"137","DHAB008",2021-06-01,2021,"6","Microcystins",0,"Preece","South Delta","OMR",c(-121.5737319, 37.964146),"No Advisory"
"138","DHAB008",2021-06-16,2021,"6","Microcystins",0,"Preece","South Delta","OMR",c(-121.5737319, 37.964146),"No Advisory"
"139","DHAB008",2021-09-05,2021,"9","Microcystins",0,"Preece","South Delta","OMR",c(-121.5737319, 37.964146),"No Advisory"
"140","DHAB008",2021-10-20,2021,"10","Microcystins",0,"Preece","South Delta","OMR",c(-121.5737319, 37.964146),"No Advisory"
"141","DHAB008",2021-11-02,2021,"11","Microcystins",0,"Preece","South Delta","OMR",c(-121.5737319, 37.964146),"No Advisory"
"142","DHAB008",2021-11-12,2021,"11","Microcystins",0,"Preece","South Delta","OMR",c(-121.5737319, 37.964146),"No Advisory"
"143","DHAB008",2021-12-27,2021,"12","Microcystins",0,"Preece","South Delta","OMR",c(-121.5737319, 37.964146),"No Advisory"
"144","DHAB009",2021-01-05,2021,"1","Microcystins",0,"Preece","South Delta","South Delta",c(-121.443849, 37.996172),"No Advisory"
"145","DHAB009",2021-02-10,2021,"2","Microcystins",0,"Preece","South Delta","South Delta",c(-121.443849, 37.996172),"No Advisory"
"146","DHAB009",2021-03-30,2021,"3","Microcystins",0,"Preece","South Delta","South Delta",c(-121.443849, 37.996172),"No Advisory"
"147","DHAB009",2021-04-22,2021,"4","Microcystins",0,"Preece","South Delta","South Delta",c(-121.443849, 37.996172),"No Advisory"
"148","DHAB009",2021-05-18,2021,"5","Microcystins",0,"Preece","South Delta","South Delta",c(-121.443849, 37.996172),"No Advisory"
"149","DHAB009",2021-06-01,2021,"6","Microcystins",0,"Preece","South Delta","South Delta",c(-121.443849, 37.996172),"No Advisory"
"150","DHAB009",2021-06-16,2021,"6","Microcystins",0,"Preece","South Delta","South Delta",c(-121.443849, 37.996172),"No Advisory"
"151","DHAB009",2021-08-11,2021,"8","Microcystins",0,"Preece","South Delta","South Delta",c(-121.443849, 37.996172),"No Advisory"
"152","DHAB009",2021-10-20,2021,"10","Microcystins",0,"Preece","South Delta","South Delta",c(-121.443849, 37.996172),"No Advisory"
"153","DHAB009",2021-10-28,2021,"10","Microcystins",0,"Preece","South Delta","South Delta",c(-121.443849, 37.996172),"No Advisory"
"154","DHAB009",2021-11-12,2021,"11","Microcystins",0,"Preece","South Delta","South Delta",c(-121.443849, 37.996172),"No Advisory"
"155","DHAB009",2021-12-27,2021,"12","Microcystins",0,"Preece","South Delta","South Delta",c(-121.443849, 37.996172),"No Advisory"
"156","DHAB010",2021-01-05,2021,"1","Microcystins",0,"Preece","South Delta","South Delta",c(-121.528646, 37.957145),"No Advisory"
"157","DHAB010",2021-02-10,2021,"2","Microcystins",0,"Preece","South Delta","South Delta",c(-121.528646, 37.957145),"No Advisory"
"158","DHAB010",2021-03-30,2021,"3","Microcystins",0,"Preece","South Delta","South Delta",c(-121.528646, 37.957145),"No Advisory"
"159","DHAB010",2021-04-22,2021,"4","Microcystins",0,"Preece","South Delta","South Delta",c(-121.528646, 37.957145),"No Advisory"
"160","DHAB010",2021-05-18,2021,"5","Microcystins",0,"Preece","South Delta","South Delta",c(-121.528646, 37.957145),"No Advisory"
"161","DHAB010",2021-06-01,2021,"6","Microcystins",0,"Preece","South Delta","South Delta",c(-121.528646, 37.957145),"No Advisory"
"162","DHAB010",2021-06-16,2021,"6","Microcystins",0,"Preece","South Delta","South Delta",c(-121.528646, 37.957145),"No Advisory"
"163","DHAB010",2021-08-11,2021,"8","Microcystins",0,"Preece","South Delta","South Delta",c(-121.528646, 37.957145),"No Advisory"
"164","DHAB010",2021-10-20,2021,"10","Microcystins",0,"Preece","South Delta","South Delta",c(-121.528646, 37.957145),"No Advisory"
"165","DHAB010",2021-10-20,2021,"10","Microcystins",0,"Preece","South Delta","South Delta",c(-121.528646, 37.957145),"No Advisory"
"166","DHAB010",2021-11-02,2021,"11","Microcystins",0,"Preece","South Delta","South Delta",c(-121.528646, 37.957145),"No Advisory"
"167","DHAB010",2021-11-12,2021,"11","Microcystins",0,"Preece","South Delta","South Delta",c(-121.528646, 37.957145),"No Advisory"
"168","DHAB010",2021-12-27,2021,"12","Microcystins",0,"Preece","South Delta","South Delta",c(-121.528646, 37.957145),"No Advisory"
"169","DHAB003",2021-07-19,2021,"7","Microcystins",3.0285,"Preece","Lower San Joaquin","Lower SJ",c(-121.745763, 38.019889),"Caution"
"170","DHAB008",2021-08-11,2021,"8","Microcystins",2.99645,"Preece","South Delta","OMR",c(-121.5737319, 37.964146),"Caution"
"171","DHAB003",2021-09-22,2021,"9","Microcystins",1.78445,"Preece","Lower San Joaquin","Lower SJ",c(-121.745763, 38.019889),"Caution"
"172","DHAB007",2021-07-19,2021,"7","Microcystins",0.822,"Preece","South Delta","Franks",c(-121.623448, 38.048602),"Caution"
"173","DHAB008",2021-07-07,2021,"7","Microcystins",0.66735,"Preece","South Delta","OMR",c(-121.5737319, 37.964146),"No Advisory"
"174","DHAB007",2021-08-11,2021,"8","Microcystins",0.65835,"Preece","South Delta","Franks",c(-121.623448, 38.048602),"No Advisory"
"175","DHAB010",2021-07-22,2021,"7","Microcystins",0.4603,"Preece","South Delta","South Delta",c(-121.528646, 37.957145),"No Advisory"
"176","DHAB010",2021-07-07,2021,"7","Microcystins",0.4417,"Preece","South Delta","South Delta",c(-121.528646, 37.957145),"No Advisory"
"177","DHAB008",2021-08-26,2021,"8","Microcystins",0.4166,"Preece","South Delta","OMR",c(-121.5737319, 37.964146),"No Advisory"
"178","DHAB009",2021-07-22,2021,"7","Microcystins",0.41495,"Preece","South Delta","South Delta",c(-121.443849, 37.996172),"No Advisory"
"179","DHAB007",2021-07-21,2021,"7","Microcystins",0.38585,"Preece","South Delta","Franks",c(-121.623448, 38.048602),"No Advisory"
"180","DHAB010",2021-08-26,2021,"8","Microcystins",0.3342,"Preece","South Delta","South Delta",c(-121.528646, 37.957145),"No Advisory"
"181","DHAB007",2021-07-21,2021,"7","Microcystins",0.3285,"Preece","South Delta","Franks",c(-121.623448, 38.048602),"No Advisory"
"182","DHAB007",2021-07-19,2021,"7","Microcystins",0.30115,"Preece","South Delta","Franks",c(-121.623448, 38.048602),"No Advisory"
"183","DHAB009",2021-07-07,2021,"7","Microcystins",0.2766,"Preece","South Delta","South Delta",c(-121.443849, 37.996172),"No Advisory"
"184","DHAB002",2021-06-18,2021,"6","Microcystins",0.26195,"Preece","Lower Sacramento","Lower Sac",c(-121.716123, 38.105764),"No Advisory"
"185","DHAB002",2021-07-19,2021,"7","Microcystins",0.24725,"Preece","Lower Sacramento","Lower Sac",c(-121.716123, 38.105764),"No Advisory"
"186","DHAB003",2021-07-21,2021,"7","Microcystins",0.2222,"Preece","Lower San Joaquin","Lower SJ",c(-121.745763, 38.019889),"No Advisory"
"187","DHAB009",2021-09-20,2021,"9","Microcystins",0.21825,"Preece","South Delta","South Delta",c(-121.443849, 37.996172),"No Advisory"
"188","DHAB005",2021-07-22,2021,"7","Microcystins",0.2154,"Preece","SDWSC","Cache/Liberty",c(-121.657713, 38.194555),"No Advisory"
"189","DHAB002",2021-07-21,2021,"7","Microcystins",0.1989,"Preece","Lower Sacramento","Lower Sac",c(-121.716123, 38.105764),"No Advisory"
"190","DHAB008",2021-07-22,2021,"7","Microcystins",0.19585,"Preece","South Delta","OMR",c(-121.5737319, 37.964146),"No Advisory"
"191","DHAB010",2021-08-26,2021,"8","Microcystins",0.18585,"Preece","South Delta","South Delta",c(-121.528646, 37.957145),"No Advisory"
"192","DHAB004",2021-07-22,2021,"7","Microcystins",0.182,"Preece","Upper Sacramento","Upper Sac",c(-121.610139, 38.163593),"No Advisory"
"193","DHAB010",2021-09-20,2021,"9","Microcystins",0.1756,"Preece","South Delta","South Delta",c(-121.528646, 37.957145),"No Advisory"
"194","DHAB001",2021-07-19,2021,"7","Microcystins",0.1752,"Preece","Lower Sacramento","Lower Sac",c(-121.787628, 38.045378),"No Advisory"
"195","DHAB001",2021-07-21,2021,"7","Microcystins",0.16425,"Preece","Lower Sacramento","Lower Sac",c(-121.787628, 38.045378),"No Advisory"
"196","DHAB007",2021-08-31,2021,"8","Microcystins",0.16055,"Preece","South Delta","Franks",c(-121.623448, 38.048602),"No Advisory"
"197","DHAB008",2021-09-20,2021,"9","Microcystins",0.1596,"Preece","South Delta","OMR",c(-121.5737319, 37.964146),"No Advisory"
"198","DHAB009",2021-08-26,2021,"8","Microcystins",0.1588,"Preece","South Delta","South Delta",c(-121.443849, 37.996172),"No Advisory"
"199","DHAB006",2021-07-22,2021,"7","Microcystins",0.15245,"Preece","Cache Slough/Liberty Island","Cache/Liberty",c(-121.689412, 38.243985),"No Advisory"
"200","DHAB008",2021-08-11,2021,"8","Microcystins",0.14335,"Preece","South Delta","OMR",c(-121.5737319, 37.964146),"No Advisory"
"201","DHAB009",2021-09-05,2021,"9","Microcystins",0.132,"Preece","South Delta","South Delta",c(-121.443849, 37.996172),"No Advisory"
"202","DHAB007",2021-09-04,2021,"9","Microcystins",0.12255,"Preece","South Delta","Franks",c(-121.623448, 38.048602),"No Advisory"
"203","DHAB004",2021-02-10,2021,"2","Microcystins",0.11285,"Preece","Upper Sacramento","Upper Sac",c(-121.610139, 38.163593),"No Advisory"
"204","DHAB010",2021-09-05,2021,"9","Microcystins",0.11215,"Preece","South Delta","South Delta",c(-121.528646, 37.957145),"No Advisory"
"205","DHAB009",2021-09-05,2021,"9","Microcystins",0.1118,"Preece","South Delta","South Delta",c(-121.443849, 37.996172),"No Advisory"
"206","ALG-001",2021-03-25,NA,NA,"Microcystins",0,"Nautalis","South Delta","South Delta",c(-121.336183, 37.949145),"No Advisory"
"207","ALG-001",2021-03-25,NA,NA,"Anatoxins",0,"Nautalis","South Delta","South Delta",c(-121.336183, 37.949145),"No Advisory"
"208","ALG-002",2021-03-25,NA,NA,"Microcystins",0,"Nautalis","South Delta","South Delta",c(-121.347483, 37.955427),"No Advisory"
"209","ALG-002",2021-03-25,NA,NA,"Anatoxins",0,"Nautalis","South Delta","South Delta",c(-121.347483, 37.955427),"No Advisory"
"210","ALG-003",2021-03-25,NA,NA,"Microcystins",0,"Nautalis","South Delta","South Delta",c(-121.365012, 37.963004),"No Advisory"
"211","ALG-003",2021-03-25,NA,NA,"Anatoxins",0,"Nautalis","South Delta","South Delta",c(-121.365012, 37.963004),"No Advisory"
"212","ALG-004",2021-03-25,NA,NA,"Microcystins",0,"Nautalis","South Delta","South Delta",c(-121.369207, 37.966107),"No Advisory"
"213","ALG-004",2021-03-25,NA,NA,"Anatoxins",0,"Nautalis","South Delta","South Delta",c(-121.369207, 37.966107),"No Advisory"
"214","ALG-005",2021-03-25,NA,NA,"Microcystins",0,"Nautalis","South Delta","South Delta",c(-121.373993, 37.972023),"No Advisory"
"215","ALG-005",2021-03-25,NA,NA,"Anatoxins",0,"Nautalis","South Delta","South Delta",c(-121.373993, 37.972023),"No Advisory"
"216","ALG-006",2021-03-25,NA,NA,"Microcystins",0,"Nautalis","South Delta","South Delta",c(-121.407047, 37.991004),"No Advisory"
"217","ALG-006",2021-03-25,NA,NA,"Anatoxins",0,"Nautalis","South Delta","South Delta",c(-121.407047, 37.991004),"No Advisory"
"218","ALG-001",2021-04-14,NA,NA,"Microcystins",0.15,"Nautalis","South Delta","South Delta",c(-121.336183, 37.949145),"No Advisory"
"219","ALG-001",2021-04-14,NA,NA,"Anatoxins",0,"Nautalis","South Delta","South Delta",c(-121.336183, 37.949145),"No Advisory"
"220","ALG-002",2021-04-14,NA,NA,"Microcystins",0.2,"Nautalis","South Delta","South Delta",c(-121.347483, 37.955427),"No Advisory"
"221","ALG-002",2021-04-14,NA,NA,"Anatoxins",0,"Nautalis","South Delta","South Delta",c(-121.347483, 37.955427),"No Advisory"
"222","ALG-003",2021-04-14,NA,NA,"Microcystins",0.15,"Nautalis","South Delta","South Delta",c(-121.365012, 37.963004),"No Advisory"
"223","ALG-003",2021-04-14,NA,NA,"Anatoxins",0,"Nautalis","South Delta","South Delta",c(-121.365012, 37.963004),"No Advisory"
"224","ALG-004",2021-04-14,NA,NA,"Microcystins",0.12,"Nautalis","South Delta","South Delta",c(-121.369207, 37.966107),"No Advisory"
"225","ALG-004",2021-04-14,NA,NA,"Anatoxins",0,"Nautalis","South Delta","South Delta",c(-121.369207, 37.966107),"No Advisory"
"226","ALG-005",2021-04-14,NA,NA,"Microcystins",0.15,"Nautalis","South Delta","South Delta",c(-121.373993, 37.972023),"No Advisory"
"227","ALG-005",2021-04-14,NA,NA,"Anatoxins",0,"Nautalis","South Delta","South Delta",c(-121.373993, 37.972023),"No Advisory"
"228","ALG-006",2021-04-14,NA,NA,"Microcystins",0.15,"Nautalis","South Delta","South Delta",c(-121.407047, 37.991004),"No Advisory"
"229","ALG-006",2021-04-14,NA,NA,"Anatoxins",0,"Nautalis","South Delta","South Delta",c(-121.407047, 37.991004),"No Advisory"
"230","ALG-001",2021-04-29,NA,NA,"Microcystins",0,"Nautalis","South Delta","South Delta",c(-121.336183, 37.949145),"No Advisory"
"231","ALG-001",2021-04-29,NA,NA,"Anatoxins",0,"Nautalis","South Delta","South Delta",c(-121.336183, 37.949145),"No Advisory"
"232","ALG-002",2021-04-29,NA,NA,"Microcystins",0,"Nautalis","South Delta","South Delta",c(-121.347483, 37.955427),"No Advisory"
"233","ALG-002",2021-04-29,NA,NA,"Anatoxins",0,"Nautalis","South Delta","South Delta",c(-121.347483, 37.955427),"No Advisory"
"234","ALG-003",2021-04-29,NA,NA,"Microcystins",0,"Nautalis","South Delta","South Delta",c(-121.365012, 37.963004),"No Advisory"
"235","ALG-003",2021-04-29,NA,NA,"Anatoxins",0,"Nautalis","South Delta","South Delta",c(-121.365012, 37.963004),"No Advisory"
"236","ALG-004",2021-04-29,NA,NA,"Microcystins",0,"Nautalis","South Delta","South Delta",c(-121.369207, 37.966107),"No Advisory"
"237","ALG-004",2021-04-29,NA,NA,"Anatoxins",0,"Nautalis","South Delta","South Delta",c(-121.369207, 37.966107),"No Advisory"
"238","ALG-005",2021-04-29,NA,NA,"Microcystins",0,"Nautalis","South Delta","South Delta",c(-121.373993, 37.972023),"No Advisory"
"239","ALG-005",2021-04-29,NA,NA,"Anatoxins",0,"Nautalis","South Delta","South Delta",c(-121.373993, 37.972023),"No Advisory"
"240","ALG-006",2021-04-29,NA,NA,"Microcystins",0,"Nautalis","South Delta","South Delta",c(-121.407047, 37.991004),"No Advisory"
"241","ALG-006",2021-04-29,NA,NA,"Anatoxins",0,"Nautalis","South Delta","South Delta",c(-121.407047, 37.991004),"No Advisory"
"242","ALG-001",2021-05-13,NA,NA,"Microcystins",0,"Nautalis","South Delta","South Delta",c(-121.336183, 37.949145),"No Advisory"
"243","ALG-001",2021-05-13,NA,NA,"Anatoxins",0,"Nautalis","South Delta","South Delta",c(-121.336183, 37.949145),"No Advisory"
"244","ALG-002",2021-05-13,NA,NA,"Microcystins",0,"Nautalis","South Delta","South Delta",c(-121.347483, 37.955427),"No Advisory"
"245","ALG-002",2021-05-13,NA,NA,"Anatoxins",0,"Nautalis","South Delta","South Delta",c(-121.347483, 37.955427),"No Advisory"
"246","ALG-003",2021-05-13,NA,NA,"Microcystins",0,"Nautalis","South Delta","South Delta",c(-121.365012, 37.963004),"No Advisory"
"247","ALG-003",2021-05-13,NA,NA,"Anatoxins",0,"Nautalis","South Delta","South Delta",c(-121.365012, 37.963004),"No Advisory"
"248","ALG-004",2021-05-13,NA,NA,"Microcystins",0,"Nautalis","South Delta","South Delta",c(-121.369207, 37.966107),"No Advisory"
"249","ALG-004",2021-05-13,NA,NA,"Anatoxins",0,"Nautalis","South Delta","South Delta",c(-121.369207, 37.966107),"No Advisory"
"250","ALG-005",2021-05-13,NA,NA,"Microcystins",0,"Nautalis","South Delta","South Delta",c(-121.373993, 37.972023),"No Advisory"
"251","ALG-005",2021-05-13,NA,NA,"Anatoxins",0,"Nautalis","South Delta","South Delta",c(-121.373993, 37.972023),"No Advisory"
"252","ALG-006",2021-05-13,NA,NA,"Microcystins",0,"Nautalis","South Delta","South Delta",c(-121.407047, 37.991004),"No Advisory"
"253","ALG-006",2021-05-13,NA,NA,"Anatoxins",0,"Nautalis","South Delta","South Delta",c(-121.407047, 37.991004),"No Advisory"
"254","ALG-001",2021-05-27,NA,NA,"Microcystins",0,"Nautalis","South Delta","South Delta",c(-121.336183, 37.949145),"No Advisory"
"255","ALG-001",2021-05-27,NA,NA,"Anatoxins",0,"Nautalis","South Delta","South Delta",c(-121.336183, 37.949145),"No Advisory"
"256","ALG-002",2021-05-27,NA,NA,"Microcystins",0,"Nautalis","South Delta","South Delta",c(-121.347483, 37.955427),"No Advisory"
"257","ALG-002",2021-05-27,NA,NA,"Anatoxins",0,"Nautalis","South Delta","South Delta",c(-121.347483, 37.955427),"No Advisory"
"258","ALG-003",2021-05-27,NA,NA,"Microcystins",0,"Nautalis","South Delta","South Delta",c(-121.365012, 37.963004),"No Advisory"
"259","ALG-003",2021-05-27,NA,NA,"Anatoxins",0,"Nautalis","South Delta","South Delta",c(-121.365012, 37.963004),"No Advisory"
"260","ALG-004",2021-05-27,NA,NA,"Microcystins",0,"Nautalis","South Delta","South Delta",c(-121.369207, 37.966107),"No Advisory"
"261","ALG-004",2021-05-27,NA,NA,"Anatoxins",0,"Nautalis","South Delta","South Delta",c(-121.369207, 37.966107),"No Advisory"
"262","ALG-005",2021-05-27,NA,NA,"Microcystins",0,"Nautalis","South Delta","South Delta",c(-121.373993, 37.972023),"No Advisory"
"263","ALG-005",2021-05-27,NA,NA,"Anatoxins",0,"Nautalis","South Delta","South Delta",c(-121.373993, 37.972023),"No Advisory"
"264","ALG-006",2021-05-27,NA,NA,"Microcystins",0,"Nautalis","South Delta","South Delta",c(-121.407047, 37.991004),"No Advisory"
"265","ALG-006",2021-05-27,NA,NA,"Anatoxins",0,"Nautalis","South Delta","South Delta",c(-121.407047, 37.991004),"No Advisory"
"266","ALG-001",2021-06-09,NA,NA,"Microcystins",0,"Nautalis","South Delta","South Delta",c(-121.336183, 37.949145),"No Advisory"
"267","ALG-001",2021-06-09,NA,NA,"Anatoxins",0,"Nautalis","South Delta","South Delta",c(-121.336183, 37.949145),"No Advisory"
"268","ALG-002",2021-06-09,NA,NA,"Microcystins",0,"Nautalis","South Delta","South Delta",c(-121.347483, 37.955427),"No Advisory"
"269","ALG-002",2021-06-09,NA,NA,"Anatoxins",0,"Nautalis","South Delta","South Delta",c(-121.347483, 37.955427),"No Advisory"
"270","ALG-003",2021-06-09,NA,NA,"Microcystins",0,"Nautalis","South Delta","South Delta",c(-121.365012, 37.963004),"No Advisory"
"271","ALG-003",2021-06-09,NA,NA,"Anatoxins",0,"Nautalis","South Delta","South Delta",c(-121.365012, 37.963004),"No Advisory"
"272","ALG-004",2021-06-09,NA,NA,"Microcystins",0.92,"Nautalis","South Delta","South Delta",c(-121.369207, 37.966107),"Caution"
"273","ALG-004",2021-06-09,NA,NA,"Anatoxins",0,"Nautalis","South Delta","South Delta",c(-121.369207, 37.966107),"No Advisory"
"274","ALG-005",2021-06-09,NA,NA,"Microcystins",0,"Nautalis","South Delta","South Delta",c(-121.373993, 37.972023),"No Advisory"
"275","ALG-005",2021-06-09,NA,NA,"Anatoxins",0,"Nautalis","South Delta","South Delta",c(-121.373993, 37.972023),"No Advisory"
"276","ALG-006",2021-06-09,NA,NA,"Microcystins",0,"Nautalis","South Delta","South Delta",c(-121.407047, 37.991004),"No Advisory"
"277","ALG-006",2021-06-09,NA,NA,"Anatoxins",0,"Nautalis","South Delta","South Delta",c(-121.407047, 37.991004),"No Advisory"
"278","ALG-001",2021-06-22,NA,NA,"Microcystins",0,"Nautalis","South Delta","South Delta",c(-121.336183, 37.949145),"No Advisory"
"279","ALG-001",2021-06-22,NA,NA,"Anatoxins",0,"Nautalis","South Delta","South Delta",c(-121.336183, 37.949145),"No Advisory"
"280","ALG-002",2021-06-22,NA,NA,"Microcystins",0,"Nautalis","South Delta","South Delta",c(-121.347483, 37.955427),"No Advisory"
"281","ALG-002",2021-06-22,NA,NA,"Anatoxins",0,"Nautalis","South Delta","South Delta",c(-121.347483, 37.955427),"No Advisory"
"282","ALG-003",2021-06-22,NA,NA,"Microcystins",0,"Nautalis","South Delta","South Delta",c(-121.365012, 37.963004),"No Advisory"
"283","ALG-003",2021-06-22,NA,NA,"Anatoxins",0,"Nautalis","South Delta","South Delta",c(-121.365012, 37.963004),"No Advisory"
"284","ALG-004",2021-06-22,NA,NA,"Microcystins",0.15,"Nautalis","South Delta","South Delta",c(-121.369207, 37.966107),"No Advisory"
"285","ALG-004",2021-06-22,NA,NA,"Anatoxins",0,"Nautalis","South Delta","South Delta",c(-121.369207, 37.966107),"No Advisory"
"286","ALG-005",2021-06-22,NA,NA,"Microcystins",0,"Nautalis","South Delta","South Delta",c(-121.373993, 37.972023),"No Advisory"
"287","ALG-005",2021-06-22,NA,NA,"Anatoxins",0,"Nautalis","South Delta","South Delta",c(-121.373993, 37.972023),"No Advisory"
"288","ALG-006",2021-06-22,NA,NA,"Microcystins",0,"Nautalis","South Delta","South Delta",c(-121.407047, 37.991004),"No Advisory"
"289","ALG-006",2021-06-22,NA,NA,"Anatoxins",0,"Nautalis","South Delta","South Delta",c(-121.407047, 37.991004),"No Advisory"
"290","ALG-001",2021-07-06,NA,NA,"Microcystins",0.28,"Nautalis","South Delta","South Delta",c(-121.336183, 37.949145),"No Advisory"
"291","ALG-001",2021-07-06,NA,NA,"Anatoxins",0,"Nautalis","South Delta","South Delta",c(-121.336183, 37.949145),"No Advisory"
"292","ALG-002",2021-07-06,NA,NA,"Microcystins",0,"Nautalis","South Delta","South Delta",c(-121.347483, 37.955427),"No Advisory"
"293","ALG-002",2021-07-06,NA,NA,"Anatoxins",0,"Nautalis","South Delta","South Delta",c(-121.347483, 37.955427),"No Advisory"
"294","ALG-003",2021-07-06,NA,NA,"Microcystins",0,"Nautalis","South Delta","South Delta",c(-121.365012, 37.963004),"No Advisory"
"295","ALG-003",2021-07-06,NA,NA,"Anatoxins",0,"Nautalis","South Delta","South Delta",c(-121.365012, 37.963004),"No Advisory"
"296","ALG-004",2021-07-06,NA,NA,"Microcystins",0,"Nautalis","South Delta","South Delta",c(-121.369207, 37.966107),"No Advisory"
"297","ALG-004",2021-07-06,NA,NA,"Anatoxins",0,"Nautalis","South Delta","South Delta",c(-121.369207, 37.966107),"No Advisory"
"298","ALG-005",2021-07-06,NA,NA,"Microcystins",0.14,"Nautalis","South Delta","South Delta",c(-121.373993, 37.972023),"No Advisory"
"299","ALG-005",2021-07-06,NA,NA,"Anatoxins",0,"Nautalis","South Delta","South Delta",c(-121.373993, 37.972023),"No Advisory"
"300","ALG-006",2021-07-06,NA,NA,"Microcystins",0.23,"Nautalis","South Delta","South Delta",c(-121.407047, 37.991004),"No Advisory"
"301","ALG-006",2021-07-06,NA,NA,"Anatoxins",0,"Nautalis","South Delta","South Delta",c(-121.407047, 37.991004),"No Advisory"
"302","ALG-001",2021-07-20,NA,NA,"Microcystins",0,"Nautalis","South Delta","South Delta",c(-121.336183, 37.949145),"No Advisory"
"303","ALG-001",2021-07-20,NA,NA,"Anatoxins",0,"Nautalis","South Delta","South Delta",c(-121.336183, 37.949145),"No Advisory"
"304","ALG-002",2021-07-20,NA,NA,"Microcystins",0,"Nautalis","South Delta","South Delta",c(-121.347483, 37.955427),"No Advisory"
"305","ALG-002",2021-07-20,NA,NA,"Anatoxins",0,"Nautalis","South Delta","South Delta",c(-121.347483, 37.955427),"No Advisory"
"306","ALG-003",2021-07-20,NA,NA,"Microcystins",0,"Nautalis","South Delta","South Delta",c(-121.365012, 37.963004),"No Advisory"
"307","ALG-003",2021-07-20,NA,NA,"Anatoxins",0,"Nautalis","South Delta","South Delta",c(-121.365012, 37.963004),"No Advisory"
"308","ALG-004",2021-07-20,NA,NA,"Microcystins",0,"Nautalis","South Delta","South Delta",c(-121.369207, 37.966107),"No Advisory"
"309","ALG-004",2021-07-20,NA,NA,"Anatoxins",0,"Nautalis","South Delta","South Delta",c(-121.369207, 37.966107),"No Advisory"
"310","ALG-005",2021-07-20,NA,NA,"Microcystins",0,"Nautalis","South Delta","South Delta",c(-121.373993, 37.972023),"No Advisory"
"311","ALG-005",2021-07-20,NA,NA,"Anatoxins",0,"Nautalis","South Delta","South Delta",c(-121.373993, 37.972023),"No Advisory"
"312","ALG-006",2021-07-20,NA,NA,"Microcystins",0.14,"Nautalis","South Delta","South Delta",c(-121.407047, 37.991004),"No Advisory"
"313","ALG-006",2021-07-20,NA,NA,"Anatoxins",0,"Nautalis","South Delta","South Delta",c(-121.407047, 37.991004),"No Advisory"
"314","ALG-001",2021-08-03,NA,NA,"Microcystins",0.17,"Nautalis","South Delta","South Delta",c(-121.336183, 37.949145),"No Advisory"
"315","ALG-001",2021-08-03,NA,NA,"Anatoxins",0,"Nautalis","South Delta","South Delta",c(-121.336183, 37.949145),"No Advisory"
"316","ALG-002",2021-08-03,NA,NA,"Microcystins",0.23,"Nautalis","South Delta","South Delta",c(-121.347483, 37.955427),"No Advisory"
"317","ALG-002",2021-08-03,NA,NA,"Anatoxins",0,"Nautalis","South Delta","South Delta",c(-121.347483, 37.955427),"No Advisory"
"318","ALG-003",2021-08-03,NA,NA,"Microcystins",0.16,"Nautalis","South Delta","South Delta",c(-121.365012, 37.963004),"No Advisory"
"319","ALG-003",2021-08-03,NA,NA,"Anatoxins",0,"Nautalis","South Delta","South Delta",c(-121.365012, 37.963004),"No Advisory"
"320","ALG-004",2021-08-03,NA,NA,"Microcystins",0.19,"Nautalis","South Delta","South Delta",c(-121.369207, 37.966107),"No Advisory"
"321","ALG-004",2021-08-03,NA,NA,"Anatoxins",0,"Nautalis","South Delta","South Delta",c(-121.369207, 37.966107),"No Advisory"
"322","ALG-005",2021-08-03,NA,NA,"Microcystins",2.38,"Nautalis","South Delta","South Delta",c(-121.373993, 37.972023),"Caution"
"323","ALG-005",2021-08-03,NA,NA,"Anatoxins",0,"Nautalis","South Delta","South Delta",c(-121.373993, 37.972023),"No Advisory"
"324","ALG-006",2021-08-03,NA,NA,"Microcystins",0.3,"Nautalis","South Delta","South Delta",c(-121.407047, 37.991004),"No Advisory"
"325","ALG-006",2021-08-03,NA,NA,"Anatoxins",0,"Nautalis","South Delta","South Delta",c(-121.407047, 37.991004),"No Advisory"
"326","ALG-001",2021-08-17,NA,NA,"Microcystins",0.27,"Nautalis","South Delta","South Delta",c(-121.336183, 37.949145),"No Advisory"
"327","ALG-001",2021-08-17,NA,NA,"Anatoxins",0,"Nautalis","South Delta","South Delta",c(-121.336183, 37.949145),"No Advisory"
"328","ALG-002",2021-08-17,NA,NA,"Microcystins",0.19,"Nautalis","South Delta","South Delta",c(-121.347483, 37.955427),"No Advisory"
"329","ALG-002",2021-08-17,NA,NA,"Anatoxins",0,"Nautalis","South Delta","South Delta",c(-121.347483, 37.955427),"No Advisory"
"330","ALG-003",2021-08-17,NA,NA,"Microcystins",0.17,"Nautalis","South Delta","South Delta",c(-121.365012, 37.963004),"No Advisory"
"331","ALG-003",2021-08-17,NA,NA,"Anatoxins",0,"Nautalis","South Delta","South Delta",c(-121.365012, 37.963004),"No Advisory"
"332","ALG-004",2021-08-17,NA,NA,"Microcystins",0.14,"Nautalis","South Delta","South Delta",c(-121.369207, 37.966107),"No Advisory"
"333","ALG-004",2021-08-17,NA,NA,"Anatoxins",0,"Nautalis","South Delta","South Delta",c(-121.369207, 37.966107),"No Advisory"
"334","ALG-005",2021-08-17,NA,NA,"Microcystins",0,"Nautalis","South Delta","South Delta",c(-121.373993, 37.972023),"No Advisory"
"335","ALG-005",2021-08-17,NA,NA,"Anatoxins",0,"Nautalis","South Delta","South Delta",c(-121.373993, 37.972023),"No Advisory"
"336","ALG-006",2021-08-17,NA,NA,"Microcystins",0.16,"Nautalis","South Delta","South Delta",c(-121.407047, 37.991004),"No Advisory"
"337","ALG-006",2021-08-17,NA,NA,"Anatoxins",0,"Nautalis","South Delta","South Delta",c(-121.407047, 37.991004),"No Advisory"
"338","ALG-001",2021-09-07,NA,NA,"Microcystins",0,"Nautalis","South Delta","South Delta",c(-121.336183, 37.949145),"No Advisory"
"339","ALG-001",2021-09-07,NA,NA,"Anatoxins",0,"Nautalis","South Delta","South Delta",c(-121.336183, 37.949145),"No Advisory"
"340","ALG-002",2021-09-07,NA,NA,"Microcystins",1.06,"Nautalis","South Delta","South Delta",c(-121.347483, 37.955427),"Caution"
"341","ALG-002",2021-09-07,NA,NA,"Anatoxins",0,"Nautalis","South Delta","South Delta",c(-121.347483, 37.955427),"No Advisory"
"342","ALG-003",2021-09-07,NA,NA,"Microcystins",0.24,"Nautalis","South Delta","South Delta",c(-121.365012, 37.963004),"No Advisory"
"343","ALG-003",2021-09-07,NA,NA,"Anatoxins",0,"Nautalis","South Delta","South Delta",c(-121.365012, 37.963004),"No Advisory"
"344","ALG-004",2021-09-07,NA,NA,"Microcystins",0,"Nautalis","South Delta","South Delta",c(-121.369207, 37.966107),"No Advisory"
"345","ALG-004",2021-09-07,NA,NA,"Anatoxins",0,"Nautalis","South Delta","South Delta",c(-121.369207, 37.966107),"No Advisory"
"346","ALG-005",2021-09-07,NA,NA,"Microcystins",0,"Nautalis","South Delta","South Delta",c(-121.373993, 37.972023),"No Advisory"
"347","ALG-005",2021-09-07,NA,NA,"Anatoxins",0,"Nautalis","South Delta","South Delta",c(-121.373993, 37.972023),"No Advisory"
"348","ALG-006",2021-09-07,NA,NA,"Microcystins",0,"Nautalis","South Delta","South Delta",c(-121.407047, 37.991004),"No Advisory"
"349","ALG-006",2021-09-07,NA,NA,"Anatoxins",0,"Nautalis","South Delta","South Delta",c(-121.407047, 37.991004),"No Advisory"
"350","ALG-001",2021-09-21,NA,NA,"Microcystins",0.2,"Nautalis","South Delta","South Delta",c(-121.336183, 37.949145),"No Advisory"
"351","ALG-001",2021-09-21,NA,NA,"Anatoxins",0,"Nautalis","South Delta","South Delta",c(-121.336183, 37.949145),"No Advisory"
"352","ALG-002",2021-09-21,NA,NA,"Microcystins",0.26,"Nautalis","South Delta","South Delta",c(-121.347483, 37.955427),"No Advisory"
"353","ALG-002",2021-09-21,NA,NA,"Anatoxins",0,"Nautalis","South Delta","South Delta",c(-121.347483, 37.955427),"No Advisory"
"354","ALG-003",2021-09-21,NA,NA,"Microcystins",0.27,"Nautalis","South Delta","South Delta",c(-121.365012, 37.963004),"No Advisory"
"355","ALG-003",2021-09-21,NA,NA,"Anatoxins",0,"Nautalis","South Delta","South Delta",c(-121.365012, 37.963004),"No Advisory"
"356","ALG-004",2021-09-21,NA,NA,"Microcystins",0.17,"Nautalis","South Delta","South Delta",c(-121.369207, 37.966107),"No Advisory"
"357","ALG-004",2021-09-21,NA,NA,"Anatoxins",0,"Nautalis","South Delta","South Delta",c(-121.369207, 37.966107),"No Advisory"
"358","ALG-005",2021-09-21,NA,NA,"Microcystins",0.2,"Nautalis","South Delta","South Delta",c(-121.373993, 37.972023),"No Advisory"
"359","ALG-005",2021-09-21,NA,NA,"Anatoxins",0,"Nautalis","South Delta","South Delta",c(-121.373993, 37.972023),"No Advisory"
"360","ALG-006",2021-09-21,NA,NA,"Microcystins",0.23,"Nautalis","South Delta","South Delta",c(-121.407047, 37.991004),"No Advisory"
"361","ALG-006",2021-09-21,NA,NA,"Anatoxins",0,"Nautalis","South Delta","South Delta",c(-121.407047, 37.991004),"No Advisory"
"362","BigBreak",2015-10-15,NA,NA,"Microcystins",23,"EastBay","San Joaquin","Lower SJ",c(-121.728242, 38.012454),"Danger"
"363","BigBreak",2015-10-29,NA,NA,"Microcystins",6.8,"EastBay","San Joaquin","Lower SJ",c(-121.728242, 38.012454),"Warning"
"364","BigBreak",2017-08-18,NA,NA,"Microcystins",0,"EastBay","San Joaquin","Lower SJ",c(-121.728242, 38.012454),"No Advisory"
"365","BigBreak",2019-08-20,NA,NA,"Microcystins",70.81,"EastBay","San Joaquin","Lower SJ",c(-121.728242, 38.012454),"Danger"
"366","BigBreak",2019-10-22,NA,NA,"Microcystins",0.11,"EastBay","San Joaquin","Lower SJ",c(-121.728242, 38.012454),"No Advisory"
"367","BigBreak",2020-06-10,NA,NA,"Microcystins",8,"EastBay","San Joaquin","Lower SJ",c(-121.728242, 38.012454),"Warning"
"368","BigBreak",2020-06-23,NA,NA,"Microcystins",50,"EastBay","San Joaquin","Lower SJ",c(-121.728242, 38.012454),"Danger"
"369","BigBreak",2020-07-07,NA,NA,"Microcystins",0,"EastBay","San Joaquin","Lower SJ",c(-121.728242, 38.012454),"No Advisory"
"370","BigBreak",2020-07-22,NA,NA,"Microcystins",1.01,"EastBay","San Joaquin","Lower SJ",c(-121.728242, 38.012454),"Caution"
"371","BigBreak",2020-08-05,NA,NA,"Microcystins",50,"EastBay","San Joaquin","Lower SJ",c(-121.728242, 38.012454),"Danger"
"372","BigBreak",2020-08-12,NA,NA,"Microcystins",50,"EastBay","San Joaquin","Lower SJ",c(-121.728242, 38.012454),"Danger"
"373","BigBreak",2020-08-18,NA,NA,"Microcystins",50,"EastBay","San Joaquin","Lower SJ",c(-121.728242, 38.012454),"Danger"
"374","BigBreak",2020-08-24,NA,NA,"Microcystins",6.49,"EastBay","San Joaquin","Lower SJ",c(-121.728242, 38.012454),"Warning"
"375","BigBreak",2020-09-01,NA,NA,"Microcystins",20.86,"EastBay","San Joaquin","Lower SJ",c(-121.728242, 38.012454),"Danger"
"376","BigBreak",2020-09-21,NA,NA,"Microcystins",50,"EastBay","San Joaquin","Lower SJ",c(-121.728242, 38.012454),"Danger"
"377","BigBreak",2020-09-30,NA,NA,"Microcystins",5.63,"EastBay","San Joaquin","Lower SJ",c(-121.728242, 38.012454),"Caution"
"378","BigBreak",2020-10-05,NA,NA,"Microcystins",50,"EastBay","San Joaquin","Lower SJ",c(-121.728242, 38.012454),"Danger"
"379","BigBreak",2020-11-30,NA,NA,"Microcystins",1.23,"EastBay","San Joaquin","Lower SJ",c(-121.728242, 38.012454),"Caution"
"380","BigBreak",2020-12-07,NA,NA,"Microcystins",0.74,"EastBay","San Joaquin","Lower SJ",c(-121.728242, 38.012454),"No Advisory"
"381","BigBreak",2020-12-30,NA,NA,"Microcystins",2.29,"EastBay","San Joaquin","Lower SJ",c(-121.728242, 38.012454),"Caution"
"382","BigBreak",2021-01-06,NA,NA,"Microcystins",0,"EastBay","San Joaquin","Lower SJ",c(-121.728242, 38.012454),"No Advisory"
"383","BigBreak",2021-01-13,NA,NA,"Microcystins",0.32,"EastBay","San Joaquin","Lower SJ",c(-121.728242, 38.012454),"No Advisory"
"384","BigBreak",2021-01-21,NA,NA,"Microcystins",0,"EastBay","San Joaquin","Lower SJ",c(-121.728242, 38.012454),"No Advisory"
"385","BigBreak",2021-02-03,NA,NA,"Microcystins",0.07,"EastBay","San Joaquin","Lower SJ",c(-121.728242, 38.012454),"No Advisory"
"386","BigBreak",2021-02-08,NA,NA,"Microcystins",0,"EastBay","San Joaquin","Lower SJ",c(-121.728242, 38.012454),"No Advisory"
"387","BigBreak",2021-02-16,NA,NA,"Microcystins",0.09,"EastBay","San Joaquin","Lower SJ",c(-121.728242, 38.012454),"No Advisory"
"388","BigBreak",2021-02-24,NA,NA,"Microcystins",0,"EastBay","San Joaquin","Lower SJ",c(-121.728242, 38.012454),"No Advisory"
"389","BigBreak",2021-04-07,NA,NA,"Microcystins",0.29,"EastBay","San Joaquin","Lower SJ",c(-121.728242, 38.012454),"No Advisory"
"390","BigBreak",2021-04-27,NA,NA,"Microcystins",0,"EastBay","San Joaquin","Lower SJ",c(-121.728242, 38.012454),"No Advisory"
"391","BigBreak",2021-05-05,NA,NA,"Microcystins",0,"EastBay","San Joaquin","Lower SJ",c(-121.728242, 38.012454),"No Advisory"
"392","BigBreak",2021-05-12,NA,NA,"Microcystins",0,"EastBay","San Joaquin","Lower SJ",c(-121.728242, 38.012454),"No Advisory"
"393","BigBreak",2021-05-19,NA,NA,"Microcystins",0.04,"EastBay","San Joaquin","Lower SJ",c(-121.728242, 38.012454),"No Advisory"
"394","BigBreak",2021-05-25,NA,NA,"Microcystins",0.04,"EastBay","San Joaquin","Lower SJ",c(-121.728242, 38.012454),"No Advisory"
"395","BigBreak",2021-06-07,NA,NA,"Microcystins",50,"EastBay","San Joaquin","Lower SJ",c(-121.728242, 38.012454),"Danger"
"396","BigBreak",2021-06-14,NA,NA,"Microcystins",7.25,"EastBay","San Joaquin","Lower SJ",c(-121.728242, 38.012454),"Warning"
"397","BigBreak",2021-06-21,NA,NA,"Microcystins",1.38,"EastBay","San Joaquin","Lower SJ",c(-121.728242, 38.012454),"Caution"
"398","BigBreak",2021-06-29,NA,NA,"Microcystins",50,"EastBay","San Joaquin","Lower SJ",c(-121.728242, 38.012454),"Danger"
"399","BigBreak",2021-07-20,NA,NA,"Microcystins",0.09,"EastBay","San Joaquin","Lower SJ",c(-121.728242, 38.012454),"No Advisory"
"400","BigBreak",2021-08-03,NA,NA,"Microcystins",0.27,"EastBay","San Joaquin","Lower SJ",c(-121.728242, 38.012454),"No Advisory"
"401","BigBreak",2021-08-10,NA,NA,"Microcystins",2.84,"EastBay","San Joaquin","Lower SJ",c(-121.728242, 38.012454),"Caution"
"402","BigBreak",2021-08-18,NA,NA,"Microcystins",0.07,"EastBay","San Joaquin","Lower SJ",c(-121.728242, 38.012454),"No Advisory"
"403","BigBreak",2021-08-24,NA,NA,"Microcystins",0,"EastBay","San Joaquin","Lower SJ",c(-121.728242, 38.012454),"No Advisory"
"404","BigBreak",2021-08-31,NA,NA,"Microcystins",0,"EastBay","San Joaquin","Lower SJ",c(-121.728242, 38.012454),"No Advisory"
"405","BigBreak",2021-09-08,NA,NA,"Microcystins",4.84,"EastBay","San Joaquin","Lower SJ",c(-121.728242, 38.012454),"Caution"
"406","BigBreak",2021-09-14,NA,NA,"Microcystins",0.02,"EastBay","San Joaquin","Lower SJ",c(-121.728242, 38.012454),"No Advisory"
"407","BigBreak",2021-09-21,NA,NA,"Microcystins",0,"EastBay","San Joaquin","Lower SJ",c(-121.728242, 38.012454),"No Advisory"
"408","BigBreak",2021-09-28,NA,NA,"Microcystins",2.79,"EastBay","San Joaquin","Lower SJ",c(-121.728242, 38.012454),"Caution"
"409","BigBreak",2021-10-05,NA,NA,"Microcystins",1.12,"EastBay","San Joaquin","Lower SJ",c(-121.728242, 38.012454),"Caution"
"410","BigBreak",2021-10-11,NA,NA,"Microcystins",0.02,"EastBay","San Joaquin","Lower SJ",c(-121.728242, 38.012454),"No Advisory"
"411","BigBreak",2021-10-19,NA,NA,"Microcystins",0.37,"EastBay","San Joaquin","Lower SJ",c(-121.728242, 38.012454),"No Advisory"
"412","BigBreak",2021-10-26,NA,NA,"Microcystins",0,"EastBay","San Joaquin","Lower SJ",c(-121.728242, 38.012454),"No Advisory"
"413","BigBreak",2021-11-04,NA,NA,"Microcystins",0,"EastBay","San Joaquin","Lower SJ",c(-121.728242, 38.012454),"No Advisory"
